acc_x,acc_y,acc_z
8.12,-5.96,-0.75
8.16,-5.92,-0.82
8.12,-5.88,-0.78
8.12,-5.88,-0.9
8.08,-5.88,-0.82
8.08,-5.88,-0.82
8.12,-5.88,-0.82
8.12,-5.88,-0.78
8.12,-5.84,-0.75
8.12,-5.81,-1.18
8.16,-5.88,-0.82
8.16,-5.88,-0.9
8.08,-5.88,-0.78
8.12,-5.84,-0.9
8.12,-5.84,-0.78
8.12,-5.92,-0.78
8.12,-5.84,-1.61
8.12,-5.88,-0.82
8.04,-5.96,-1.06
8.12,-5.84,-0.82
8.16,-5.88,-0.75
8.08,-5.84,-0.75
8.12,-5.84,-0.82
8.08,-5.88,-0.86
8.12,-5.84,-0.82
8.12,-5.88,-0.94
8.08,-5.84,-0.78
8.12,-6.04,-0.55
8.12,-5.88,-0.82
8.12,-5.88,-0.78
8.12,-5.88,-0.75
8.08,-5.88,-0.78
8.12,-5.84,-0.82
8.12,-5.88,-0.82
8.16,-5.92,-0.67
8.2,-5.88,-0.82
8.12,-5.84,-0.75
8.12,-5.88,-0.82
8.12,-5.84,-0.75
8.12,-5.84,-0.82
8.12,-5.84,-0.78
8.08,-5.84,-0.82
8.12,-5.88,-0.75
8.16,-5.73,-1.26
8.12,-5.84,-0.82
8.12,-5.88,-0.71
8.16,-5.84,-0.78
8.12,-5.84,-0.82
8.08,-5.84,-0.75
8.08,-5.88,-0.78
8.12,-5.84,-0.78
8.12,-5.84,-0.78
8,-6.08,-1.1
8.12,-5.88,-0.78
8.08,-5.88,-0.78
8,-5.88,-0.82
8.12,-5.92,-0.75
8.04,-5.84,-0.82
8.12,-5.84,-0.75
8.12,-5.81,-0.35
8.04,-5.92,-0.82
8.16,-5.96,-0.94
8.12,-5.88,-0.82
8.12,-5.88,-0.78
8.12,-5.84,-0.78
8.12,-5.92,-0.75
8.12,-5.81,-0.75
8.12,-5.81,-0.75
8.08,-5.84,-1.18
8.16,-5.84,-0.78
8,-5.92,-0.51
8.12,-5.84,-0.71
8.16,-5.88,-0.82
8.12,-5.84,-0.75
8.16,-5.84,-0.75
8.12,-5.84,-0.71
8.12,-5.92,-0.82
8.12,-5.84,-0.78
8.16,-5.88,-0.75
8.12,-5.81,-0.78
8.16,-5.84,-0.82
8.08,-5.84,-0.71
8.16,-5.88,-0.75
8.12,-5.84,-0.78
8.12,-5.88,-0.75
8.12,-5.81,-0.75
8.12,-6.24,-0.67
8.12,-5.84,-0.78
8.08,-5.88,-0.82
8.16,-5.88,-0.78
8.12,-5.84,-0.71
8.12,-5.84,-0.75
8.12,-5.84,-0.75
8.16,-5.88,-0.75
8.08,-5.84,-0.86
8.08,-6.16,-0.51
8.08,-5.88,-0.75
7.57,-6.04,-0.94
7.57,-6.2,-1.06
7.65,-6.12,-0.9
7.65,-6.12,-0.94
7.61,-6.08,-0.86
7.65,-6.08,-2.51
7.53,-6.12,-1.02
7.45,-6.39,-1.45
7.61,-6.12,-0.9
7.61,-6.12,-1.06
7.61,-6.12,-0.94
7.61,-6.04,-0.86
7.65,-6.12,-0.94
7.65,-6.08,-0.9
7.61,-6.08,-0.75
7.61,-6.04,-1.02
7.61,-6.08,-0.9
7.61,-6.04,-0.94
7.69,-6.08,-0.86
7.69,-6.04,-0.82
7.61,-6.04,-0.82
7.61,-6.08,-0.9
7.73,-6.12,-0.82
7.69,-6.12,-0.67
7.73,-6,-0.82
7.61,-6,-0.9
7.65,-6,-0.9
7.61,-6,-0.82
7.65,-6.04,-0.9
7.61,-6.08,-0.82
7.61,-6.12,1.84
7.61,-6.04,-0.9
7.81,-6.04,-0.08
7.77,-6.08,-0.86
7.65,-6.04,-0.94
7.57,-6.08,-0.86
7.61,-6.12,-0.82
7.65,-6.04,-0.86
7.57,-6.08,-0.98
7.65,-6.16,-0.9
7.57,-6.08,-0.86
7.61,-4.63,-1.69
7.65,-6.08,-0.82
7.65,-6.12,-0.86
7.61,-6.08,-0.86
7.61,-6.12,-0.9
7.61,-6,-0.82
7.61,-6.12,-0.86
7.69,-6.08,0.16
7.61,-6.04,-0.86
7.65,-6.16,-0.94
7.61,-6,-0.94
7.61,-6.08,-0.78
7.69,-6.08,-0.78
7.65,-6.04,-0.86
7.69,-6.12,-0.94
7.69,-6.08,-0.86
7.61,-6,-0.9
7.65,-6.04,-0.9
7.73,-6.67,-1.69
7.61,-6.12,-0.86
7.69,-6.08,-0.9
7.65,-6.04,-0.75
7.61,-6,-0.9
7.69,-6.08,-0.86
7.69,-6.12,-0.86
7.61,-6.04,-1.88
7.65,-6.08,-0.82
7.73,-5.92,-1.18
7.69,-6,-0.78
7.65,-6.04,-0.82
7.65,-6.04,-0.78
7.65,-6.08,-0.82
7.65,-6.08,-0.94
7.69,-6.08,-0.78
7.65,-6.39,-0.98
7.61,-6.08,-0.86
7.65,-6.12,-0.86
7.65,-6.12,-0.94
7.61,-6.08,-0.82
7.57,-6.04,-0.94
7.69,-6.08,-0.82
7.61,-6.08,-0.47
7.61,-6.12,-0.94
7.61,-6.04,-0.67
7.61,-6.08,-0.86
7.65,-6.08,-0.78
7.65,-6.08,-0.86
7.65,-6.08,-0.86
7.65,-6.04,-0.82
7.69,-6.04,-0.82
7.69,-6.04,-1.02
7.61,-6.08,-0.82
7.65,-6.12,-0.9
7.65,-6.04,-0.75
7.61,-6.04,-0.82
7.61,-6.12,-0.78
7.65,-6.08,-0.86
7.65,-6.08,-0.9
7.65,-6.08,-0.86
7.65,-6,-1.61
7.61,-6.12,-0.86
7.65,-6.12,-0.78
7.65,-6.12,-0.9
7.57,-6.04,-0.82
7.65,-6.08,-0.86
7.65,-6.08,-0.86
7.69,-6.16,-0.82
7.65,-6.04,-0.86
7.65,-6.08,-0.78
7.65,-6.08,-0.75
7.61,-6.08,-0.75
7.61,-6,-0.75
7.65,-6,-0.78
7.65,-6.04,-0.82
7.61,-6.08,-0.78
7.65,-6.83,1.26
7.65,-6.12,-0.86
7.65,-6.47,-0.24
7.69,-6,-0.78
7.65,-6.08,-0.75
7.65,-6.04,-0.78
7.65,-6,-0.86
7.69,-6.04,-0.82
7.65,-6.04,-0.78
7.65,-6,-0.04
7.69,-6,-0.82
7.73,-6.04,-0.78
7.69,-6.04,-0.75
7.73,-6.04,-0.82
7.65,-6,-0.9
7.65,-6.08,-0.82
7.69,-6.12,-0.86
7.69,-6.04,-0.75
7.73,-6.39,-1.02
7.73,-6.08,-0.82
7.65,-6.08,-0.78
7.69,-6,-0.71
7.69,-6.08,-0.82
7.65,-6.04,-0.78
7.69,-6,-0.78
7.65,-6.04,-0.27
7.61,-6.04,-0.71
7.61,-6,-0.86
7.65,-6.08,-0.86
7.73,-6.12,-0.9
7.69,-6,-0.78
7.69,-6,-0.78
7.73,-6.04,-0.78
7.65,-6.04,-0.86
7.65,-6.51,-0.67
7.65,-6.08,-0.86
7.65,-6.04,-0.75
7.69,-6.04,-0.78
7.73,-6.04,-0.86
7.73,-6.04,-0.78
7.73,-6.08,-0.71
7.77,-6,-1.06
7.69,-6.04,-0.78
7.65,-5.69,-1.1
7.73,-6.08,-0.86
7.73,-6.08,-0.71
7.69,-6.04,-0.82
7.69,-6,-0.82
7.73,-6.04,-0.71
7.69,-6,-0.82
7.77,-5.49,-0.82
7.69,-6,-0.75
7.73,-6.08,-0.78
7.73,-6.04,-0.75
7.81,-6.08,-0.78
7.73,-6,-0.82
7.73,-6,-0.82
7.73,-6.04,-1.18
7.69,-5.96,-0.71
7.77,-6.04,-0.82
7.73,-6,-0.82
7.77,-5.96,-0.67
7.77,-6,-0.75
7.77,-6.04,-0.78
7.77,-6,-0.82
7.73,-6,-0.67
7.77,-5.37,-1.29
7.73,-6,-0.75
7.73,-6.04,-0.78
7.77,-6.04,-0.82
7.81,-6.04,-0.75
7.81,-6,-0.71
7.73,-6.04,-0.71
7.65,-6.04,0.86
7.69,-6.04,-0.82
7.69,-6.08,-1.14
7.69,-6,-0.71
7.73,-6.12,-0.82
7.69,-6,-0.82
7.69,-6.04,-0.75
7.69,-6.04,-0.82
7.65,-6,-0.78
7.73,-6.04,-0.78
7.69,-6.08,-0.82
7.69,-5.81,-0.94
7.69,-6.04,-0.9
7.65,-6.04,-0.78
7.73,-6.16,-0.9
7.69,-6.08,-0.9
7.69,-6.08,-0.78
7.69,-6.08,-0.75
7.69,-6.08,0.16
7.65,-6.08,-0.78
7.69,-5.57,-1.1
7.69,-6.08,-0.86
7.69,-6.04,-0.82
7.69,-6.04,-0.78
7.73,-6,-0.75
7.61,-6,-0.71
7.69,-6,-0.82
7.69,-6,-1.02
7.73,-6.08,-0.78
7.57,-6.24,-1.06
7.73,-6.08,-0.78
7.69,-6.04,-0.75
7.73,-6,-0.78
7.69,-6.08,-0.86
7.73,-6.04,-0.86
7.65,-6,-0.82
7.73,-6.47,-2.04
7.73,-6.08,-0.78
7.69,-6.04,-0.75
7.69,-6.08,-0.75
7.69,-6.04,-0.86
7.77,-6.12,-0.82
7.65,-6.04,-0.71
7.69,-6.04,-0.75
7.69,-6.08,-0.75
7.53,-6.12,-0.86
7.69,-6.08,-0.78
7.69,-6.08,-0.75
7.69,-6,-0.82
7.69,-6.08,-0.78
7.69,-6.08,-0.82
7.73,-6.08,-0.78
7.69,-6.04,0.04
7.69,-6.04,-0.71
7.65,-6.28,-1.02
7.65,-6.04,-0.78
7.69,-6.04,-0.75
7.69,-6.08,-0.78
7.73,-6.08,-0.71
7.69,-6,-0.78
7.73,-6.12,-0.86
7.69,-6,-2.31
7.73,-6,-0.71
7.77,-6.24,-0.82
7.69,-6.04,-0.9
7.77,-6.04,-0.78
7.73,-6.08,-0.78
7.69,-6.08,-0.82
7.69,-6,-0.78
7.69,-6.04,-0.78
7.69,-6.55,-0.04
7.69,-6.04,-0.82
7.65,-6,-0.78
7.69,-6.04,-0.78
7.69,-6.08,-0.78
7.73,-6.04,-0.75
7.73,-6.08,-0.75
7.69,-6.04,-0.24
7.73,-6.04,-0.75
7.37,-6.28,0.16
7.69,-6,-0.78
7.69,-6.16,-0.71
7.69,-6.08,-0.82
7.69,-6.04,-0.75
7.69,-6.08,-0.78
7.69,-6.04,-0.78
7.65,-6.04,-0.75
7.73,-6.08,-0.78
7.73,-5.53,-0.94
7.73,-6.08,-0.78
7.73,-6.04,-0.86
7.73,-6.08,-0.82
7.73,-6.12,-0.78
7.73,-6.08,-0.78
7.69,-6.04,-0.82
7.73,-6.04,-1.26
7.65,-6.04,-0.78
7.65,-5.96,-0.82
7.69,-6.08,-0.82
7.73,-6.04,-0.75
7.73,-6.04,-0.82
7.69,-6.04,-0.75
7.69,-6.04,-0.78
7.73,-6.04,-0.75
7.73,-6.86,-0.86
7.69,-6.04,-0.82
7.73,-6.08,-0.71
7.73,-6.04,-0.78
7.69,-6.04,-0.71
7.77,-6,-0.71
7.73,-6.08,-0.78
7.73,-6,-1.18
7.69,-6.04,-0.78
7.69,-6,-0.63
7.73,-6.04,-0.67
7.73,-6,-0.78
7.73,-6,-0.71
7.77,-6,-0.71
7.69,-6,-0.75
7.69,-6,-0.71
7.77,-6.28,-0.12
7.81,-6,-0.75
7.73,-6,-0.71
7.77,-6.04,-0.71
7.77,-6.04,-0.75
7.69,-6.08,-0.71
7.77,-6.04,-0.86
7.77,-6,-0.86
7.73,-5.96,-0.59
7.69,-6.04,-0.86
7.81,-6,-0.75
7.81,-6,-0.75
7.77,-6.04,-0.78
7.85,-5.96,-0.78
7.73,-6.04,-0.67
7.81,-6,-0.63
7.73,-6.51,-1.53
7.73,-6.04,-0.78
7.73,-6.04,-0.82
7.77,-6,-0.78
7.73,-6.08,-0.82
7.65,-6,-0.67
7.73,-6.04,-0.67
7.81,-6,-0.78
7.77,-5.96,-0.67
7.81,-6.04,-0.59
7.73,-6,-0.78
7.73,-6,-0.75
7.69,-6.04,-0.75
7.77,-6.12,-0.75
7.77,-6.04,-0.75
7.73,-6.04,-0.82
7.73,-6,-0.9
7.73,-6.04,-0.75
7.69,-6.04,-0.82
7.69,-6,-0.75
7.77,-6.04,-0.75
7.73,-6.12,-0.71
7.73,-6.04,-0.75
7.69,-6.04,-0.55
7.65,-6.08,-0.78
7.92,-6,-1.41
7.69,-6.08,-0.75
7.73,-6.08,-0.75
7.73,-6.04,-0.82
7.69,-6,-0.78
7.73,-6,-0.78
7.73,-6.04,-0.71
7.69,-6.35,-1.77
7.65,-5.96,-0.75
7.73,-6.04,-0.63
7.77,-6,-0.71
7.73,-6,-0.75
7.73,-6.04,-0.78
7.73,-6,-0.82
7.69,-6,-0.67
7.69,-6.04,-0.78
7.92,-6.08,-0.43
7.81,-6.04,-0.75
7.73,-6.04,-0.75
7.85,-6,-0.71
7.81,-6,-0.75
7.81,-5.92,-0.71
7.77,-6,-0.75
7.77,-5.96,-1.14
7.77,-6,-0.75
7.73,-6,-0.75
7.73,-6,-0.75
7.69,-5.96,-0.67
7.77,-5.96,-0.75
7.69,-6.04,-0.75
7.77,-6,-0.78
7.69,-6.04,-0.75
7.81,-6.04,-0.94
7.69,-5.96,-0.71
7.69,-6.04,-0.75
7.69,-6.04,-0.71
7.73,-6,-0.78
7.69,-5.92,-0.71
7.69,-6.04,-0.75
7.73,-6,-1.61
7.73,-6,-0.75
7.77,-6.04,-0.75
7.77,-6,-0.71
7.77,-6,-0.71
7.77,-6,-0.71
7.73,-6,-0.75
7.77,-6.04,-0.71
7.77,-6,-0.75
7.73,-6.32,-0.63
7.73,-6.04,-0.78
7.73,-6.04,-0.71
7.69,-6.08,-0.75
7.73,-6.04,-0.75
7.69,-6,-0.82
7.73,-6.04,-0.63
7.73,-5.96,-0.78
7.69,-6.08,-0.71
7.77,-6.04,-0.71
7.73,-6.08,-0.78
7.69,-6,-0.67
7.73,-6.04,-0.67
7.77,-6.08,-0.75
7.69,-6,-0.71
7.77,-6,-0.78
7.73,-6.04,-1.41
7.69,-6,-0.75
7.69,-6.04,-0.71
7.73,-6.04,-0.78
7.69,-6.04,-0.78
7.73,-6,-0.78
7.69,-5.96,-0.75
7.69,-6.04,-0.2
7.73,-6,-0.75
7.73,-6.04,-0.78
7.73,-6.08,-0.71
7.73,-6,-0.75
7.77,-6,-0.67
7.73,-6.08,-0.71
7.69,-6,-0.71
7.73,-6.04,-0.71
7.69,-6.47,-1.45
7.73,-6,-0.71
7.73,-6.04,-0.75
7.77,-6.08,-0.75
7.77,-6.04,-0.67
7.77,-5.96,-0.63
7.73,-6,-0.75
7.77,-6.08,0.31
7.81,-6,-0.67
7.61,-6.04,-0.16
8.36,-5.77,-0.63
7.69,-6.04,-0.75
7.73,-6,-0.78
7.69,-6.04,-0.78
7.77,-6.12,-0.75
7.73,-6.04,-0.67
7.73,-6,-0.63
7.77,-6.04,-0.67
7.73,-5.88,-1.26
7.69,-6.08,-0.75
7.73,-6.08,-0.63
7.77,-6,-0.75
7.73,-6.04,-0.71
7.65,-6,-0.75
7.73,-6.04,-0.71
7.77,-6.08,-0.47
7.73,-6,-0.63
7.69,-6.04,-0.75
7.73,-6.08,-0.75
7.69,-6.08,-0.71
7.69,-6.08,-0.78
7.69,-6,-0.78
7.77,-5.96,-0.63
7.81,-6,-0.63
7.77,-6,-0.47
7.81,-6.08,-0.75
7.77,-6.04,-0.59
7.77,-6,-0.71
7.81,-6,-0.75
7.81,-6,-0.67
7.81,-6,-0.75
7.81,-6.04,-0.86
7.73,-6,-0.63
7.73,-6,-0.51
7.73,-5.92,-0.67
7.69,-6.04,-0.78
7.69,-6.04,-0.71
7.73,-6.04,-0.71
7.73,-6.04,-0.71
7.73,-6,-0.75
7.73,-5.41,-1.26
7.73,-6,-0.63
7.77,-5.92,-0.63
7.73,-5.96,-0.71
7.77,-6,-0.63
7.73,-6.08,-0.75
7.77,-6.04,-0.75
7.77,-6,-1.45
7.77,-6,-0.55
7.69,-5.84,-1.26
7.69,-6,-0.71
7.73,-6.04,-0.71
7.77,-6,-0.67
7.73,-5.96,-0.75
7.77,-6.08,-0.75
7.69,-6,-0.78
7.77,-5.57,-0.59
7.77,-5.96,-0.67
7.77,-6,-0.75
7.77,-6.04,-0.67
7.81,-6,-0.63
7.77,-5.96,-0.75
7.69,-6.08,-0.75
7.73,-6.04,-0.43
7.73,-6,-0.71
7.81,-6.04,-0.9
7.73,-6,-0.63
7.73,-6.04,-0.71
7.77,-6.08,-0.59
7.73,-6,-0.67
7.73,-5.96,-0.63
7.77,-6.04,-0.75
7.69,-6.24,-1.26
7.81,-6.08,-0.67
7.73,-6.08,-0.71
7.77,-6,-0.75
7.73,-6,-0.75
7.73,-6,-0.71
7.69,-6,-0.75
7.73,-6,-0.35
7.73,-6,-0.67
7.88,-6,-1.02
7.73,-6,-0.67
7.81,-6.04,-0.71
7.81,-5.96,-0.67
8.39,-5.77,-0.59
8.32,-5.77,-0.59
8.39,-5.77,-0.55
8.39,-5.81,0.2
8.36,-5.73,-0.59
8.32,-5.77,-0.35
8.36,-5.77,-0.63
8.32,-5.77,-0.59
8.32,-5.73,-0.59
8.36,-5.73,-0.59
8.32,-5.77,-0.55
8.36,-5.81,-0.55
8.36,-5.77,-0.59
8.36,-5.77,-0.55
8.36,-5.73,-1.1
8.32,-5.77,-0.59
8.24,-5.65,-0.75
8.36,-5.81,-0.59
8.36,-5.81,-0.55
8.36,-5.81,-0.55
8.32,-5.77,-0.55
8.36,-5.77,-0.59
8.39,-5.73,-0.51
8.32,-5.81,-0.94
8.36,-5.77,-0.63
8.28,-5.84,-0.27
8.36,-5.77,-0.63
8.36,-5.77,-0.55
8.28,-5.73,-0.59
8.36,-5.81,-0.59
8.32,-5.73,-0.63
8.36,-5.81,-0.59
8.36,-5.77,-1.1
8.32,-5.81,-0.63
8.36,-5.88,-0.59
8.32,-5.77,-0.59
8.32,-5.77,-0.63
8.32,-5.77,-0.59
8.32,-5.77,-0.59
8.36,-5.81,-0.63
7.81,-6,-0.63
7.81,-6.08,-1.29
7.81,-6,-0.63
7.73,-5.96,-0.82
7.85,-5.96,-0.67
7.81,-6,-0.59
7.77,-5.96,-0.67
7.77,-5.92,-0.55
7.81,-5.96,-0.59
7.85,-5.96,-0.75
7.77,-6.83,0.51
7.81,-6,-0.67
7.77,-6.24,0
7.81,-6,-0.59
7.61,-5.65,-0.67
8.36,-5.81,-0.55
8.36,-5.73,-0.59
7.77,-6.04,-0.63
7.73,-6,-0.71
7.73,-6.04,-0.63
7.77,-5.96,-0.59
7.77,-6.04,-0.98
7.73,-6,-0.75
7.77,-6.04,-0.16
7.81,-6.08,-0.67
7.73,-5.96,-0.71
7.81,-6,-0.63
7.81,-6.04,-0.67
7.77,-6.04,-0.75
7.73,-6,-0.67
7.73,-6.43,-0.94
7.77,-6,-0.75
7.73,-5.96,-0.78
7.85,-6,-0.71
7.77,-5.96,-0.71
7.77,-5.96,-0.71
7.77,-6.04,-0.59
7.73,-6.04,0.2
7.81,-6.04,-0.67
7.73,-6.04,-0.47
7.77,-6,-0.63
7.81,-6,-0.67
7.73,-5.96,-0.63
7.77,-6,-0.71
7.88,-6,-0.63
7.92,-6.04,-0.71
7.81,-6.04,-0.67
7.81,-6,-0.63
7.73,-6.24,-0.82
7.77,-6,-0.63
7.77,-6,-0.78
7.77,-6,-0.63
7.73,-5.96,-0.71
7.77,-6.04,-0.75
7.77,-5.96,-0.63
7.81,-6,-0.67
7.73,-5.96,-0.67
7.81,-6.04,-0.78
7.77,-6.04,-0.67
7.69,-6,-0.63
7.69,-6,-0.67
7.81,-5.96,-0.59
7.77,-6.12,-0.67
7.77,-6.04,-0.71
7.73,-6.12,-0.67
7.77,-6,-0.71
7.77,-6,-0.67
7.81,-6,-0.63
7.81,-5.96,-0.67
7.88,-5.96,-0.67
7.77,-6.04,-0.67
7.85,-6,-0.82
7.77,-6,-0.67
7.65,-5.81,-0.9
7.81,-6,-0.71
7.77,-6,-0.67
7.81,-6,-0.63
7.77,-5.96,-0.67
7.81,-6,-0.71
7.77,-6,-0.71
7.73,-6.47,0.08
7.77,-6,-0.78
7.77,-5.81,-0.43
7.81,-6,-0.67
7.73,-6,-0.63
7.81,-6.04,-0.75
7.77,-6.04,-0.75
7.77,-6,-0.71
7.73,-6,-0.67
7.85,-6.04,0.39
7.77,-5.96,-0.67
7.77,-5.92,-0.63
7.77,-6.04,-0.67
7.77,-6,-0.71
7.85,-6,-0.55
7.85,-6,-0.71
7.81,-6,-0.63
7.77,-6.04,-0.63
7.73,-5.96,-0.63
7.77,-6.04,-0.67
7.77,-6.08,-1.1
7.73,-6.04,-0.63
7.77,-6.04,-0.75
7.81,-6,-0.67
7.77,-6,-0.71
7.81,-6.04,-0.67
7.77,-6,-0.63
7.77,-6,-1.06
7.81,-6.04,-0.71
7.77,-6,-0.67
7.77,-6,-0.71
7.73,-6,-0.63
7.81,-6,-0.71
7.85,-6,-0.67
7.77,-6.04,-0.71
7.77,-6,-0.67
7.77,-5.96,-0.27
7.77,-6,-0.67
7.77,-6.08,-0.67
7.69,-5.96,-0.63
7.81,-5.96,-0.67
7.81,-6.04,-0.63
7.77,-6,-0.71
7.77,-5.96,-1.22
7.81,-6,-0.67
7.77,-6,-0.75
7.73,-5.96,-0.67
7.81,-6.04,-0.63
7.77,-5.92,-0.71
7.81,-6,-0.67
7.77,-6.04,-0.63
7.77,-6.04,-0.63
7.77,-6.2,-0.47
7.81,-5.96,-0.75
7.81,-6,-0.59
7.85,-6,-0.63
7.85,-6.04,-0.63
7.85,-6,-0.67
7.85,-6,-0.67
7.81,-5.96,0.04
7.81,-5.96,-0.71
7.81,-6.71,0.2
7.81,-5.96,-0.59
7.77,-6.43,-0.82
7.77,-6,-0.67
7.77,-6,-0.71
7.77,-5.96,-0.67
7.81,-6.04,-0.63
7.81,-6.08,-0.59
7.77,-6,-0.71
7.77,-6,-1.33
7.73,-5.96,-0.75
7.85,-5.84,-0.9
7.81,-5.96,-0.71
7.77,-6,-0.59
7.81,-5.96,-0.63
7.81,-5.92,-0.67
7.77,-6,-0.59
7.77,-6,-0.63
7.81,-6.16,-1.37
7.77,-6.04,-0.71
7.77,-6.04,-0.59
7.81,-6.04,-0.71
7.81,-6,-0.71
7.73,-6,-0.63
7.73,-6.04,-0.63
7.81,-6,-0.55
7.73,-6,-0.63
7.85,-6.32,-0.16
7.77,-6,-0.63
7.77,-6.04,-0.75
7.77,-6.04,-0.75
7.81,-6,-0.63
7.81,-6,-0.67
7.81,-6,-0.67
7.73,-6.35,1.1
7.73,-5.92,-0.67
7.81,-5.92,-1.45
7.81,-6.04,-0.67
7.81,-5.96,-0.55
7.77,-6.08,-0.71
7.77,-6.08,-0.67
7.77,-6,-0.67
7.77,-6,-0.59
7.77,-6,-2.2
7.73,-6,-0.75
7.73,-6.04,-0.86
7.77,-6.16,-0.75
7.81,-5.92,-0.63
7.77,-6,-0.63
7.77,-6.12,-0.71
7.81,-6.08,-0.63
7.73,-6.04,-0.63
7.73,-5.1,-1.22
7.69,-5.96,-0.67
7.73,-6,-0.67
7.77,-6,-0.67
7.77,-6.04,-0.67
7.81,-6.04,-0.59
7.77,-5.96,-0.63
7.77,-6.04,0.51
7.81,-6.04,-0.63
7.85,-6.04,-1.49
7.77,-6,-0.67
7.77,-5.96,-0.59
7.73,-5.96,-0.67
7.81,-6,-0.71
7.81,-6.04,-0.78
7.77,-6.04,-0.75
7.81,-6,-0.63
7.85,-5.92,-0.63
7.77,-5.84,-0.78
7.73,-6.08,-0.67
7.73,-5.96,-0.59
7.73,-6,-0.71
7.77,-6.04,-0.59
7.77,-6.08,-0.71
7.73,-5.96,-0.63
7.73,-6,-0.9
7.81,-6,-0.59
7.77,-6,-0.63
7.73,-5.96,-0.63
7.77,-5.96,-0.71
7.77,-6,-0.63
7.73,-6,-0.67
7.77,-6,-0.63
7.77,-6,-0.63
7.73,-6.08,-0.31
7.77,-6,-0.67
7.77,-6,-0.67
7.81,-6,-0.63
7.73,-6.04,-0.59
7.77,-6,-0.63
7.77,-6,-0.67
7.77,-6,-0.82
7.77,-6,-0.71
7.77,-6,-0.71
7.81,-6,-0.75
7.73,-6.04,-0.63
7.77,-6,-0.67
7.81,-6.04,-0.63
7.77,-6.04,-0.71
7.77,-6.04,-0.63
7.77,-5.33,-0.86
7.77,-6.04,-0.59
7.81,-6,-0.59
7.85,-6,-0.59
7.81,-5.96,-0.67
7.81,-6,-0.63
7.81,-5.96,-0.55
7.81,-6,-0.27
7.81,-6,-0.63
7.81,-5.96,-0.55
7.88,-5.96,-0.67
7.85,-6.04,-0.59
7.85,-6.04,-0.67
7.81,-6.08,-0.75
7.77,-6,-0.67
7.81,-6,-0.55
7.73,-5.65,-1.37
7.81,-6.04,-0.67
7.81,-5.96,-0.59
7.77,-5.96,-0.59
7.77,-5.92,-0.55
7.85,-6,-0.63
7.85,-6,-0.63
7.85,-6,-1.02
7.81,-6.08,-0.67
7.85,-5.96,-0.39
7.85,-5.96,-0.55
7.77,-6,-0.55
7.73,-5.92,-0.51
7.73,-6,-0.63
7.77,-6.04,-0.63
7.73,-6,-0.71
7.69,-5.96,0.47
7.77,-6,-0.67
7.77,-5.96,-0.27
7.73,-6.04,-0.71
7.69,-6.08,-0.63
7.73,-6,-0.59
7.73,-5.92,-0.63
7.77,-6,-0.71
7.69,-6,-0.67
7.77,-6.04,-1.57
7.73,-5.96,-0.67
7.73,-6.04,-0.63
7.77,-6.04,-0.67
7.73,-6.04,-0.59
7.73,-6,-0.67
7.73,-6.08,-0.67
7.73,-6,-0.71
7.73,-6,-0.63
7.69,-5.92,-1.29
7.73,-6,-0.63
7.73,-6,-0.63
7.73,-6,-0.63
7.77,-6,-0.63
7.77,-6.04,-0.67
7.73,-6,-0.67
7.73,-6.04,-1.65
7.73,-6.04,-0.63
7.77,-6,-0.9
7.77,-6.04,-0.59
7.69,-6.04,-0.59
7.69,-6,-0.59
7.73,-6,-0.75
7.81,-6.04,-0.63
7.77,-6,-0.67
7.69,-6.47,-0.67
7.77,-6,-0.63
7.81,-6,-0.63
7.73,-5.92,-0.63
7.81,-5.96,-0.55
7.81,-6,-0.63
7.81,-5.96,-0.67
7.85,-6,-0.35
7.81,-6,-0.71
7.73,-6.12,-0.08
7.81,-5.96,-0.55
7.88,-5.96,-0.59
7.77,-6,-0.63
7.77,-6,-0.59
7.73,-6,-0.67
7.69,-6.04,-0.63
7.77,-6,-2.12
7.73,-6,-0.67
7.77,-6,-0.67
7.81,-6,-0.59
7.73,-5.96,-0.59
7.73,-6,-0.51
7.73,-6.04,-0.59
7.73,-6,-0.71
7.77,-6,-0.59
7.53,-6.16,-0.31
7.81,-6.04,-0.71
7.73,-6.08,-0.75
7.77,-6,-0.59
7.77,-6,-0.63
7.73,-6.08,-0.67
7.77,-6.04,-0.67
7.69,-6.16,-0.35
7.69,-5.92,-0.55
7.73,-6,-0.71
7.77,-6.08,-0.71
7.69,-6,-0.67
7.69,-6,-0.55
7.73,-6.04,-0.63
7.69,-6.08,-0.59
7.73,-6,-0.67
7.69,-6.24,0.16
7.73,-6.04,-0.55
7.57,-6.43,0.08
7.77,-6,-0.63
7.73,-6,-0.63
7.77,-5.96,-0.71
7.69,-6,-0.59
7.77,-6.04,-0.55
7.69,-6,-0.59
7.77,-6.04,-0.63
7.85,-6,-0.71
7.85,-5.77,-0.75
7.81,-5.96,-0.59
7.88,-5.92,-0.67
7.85,-6,-0.55
7.88,-5.96,-0.63
7.85,-5.92,-0.55
7.85,-5.96,-0.63
7.85,-5.92,0
7.81,-5.96,-0.67
7.81,-5.96,-1.14
7.81,-5.96,-0.55
7.85,-6,-0.55
7.85,-6,-0.63
7.88,-5.88,-0.59
7.81,-5.92,-0.59
7.81,-5.96,-0.59
7.88,-6,-0.55
7.85,-6,-0.63
7.81,-5.81,-0.39
7.85,-5.92,-0.71
7.81,-5.92,-0.71
7.85,-5.92,-0.63
7.88,-6,-0.51
7.85,-6,-0.55
7.85,-5.92,-0.55
7.81,-5.96,-0.39
7.81,-6,-0.59
7.81,-5.96,-0.63
7.81,-6,-0.55
7.85,-5.96,-0.59
7.88,-5.96,-0.63
7.81,-5.96,-0.67
7.85,-5.92,-0.55
7.88,-5.96,-0.59
7.85,-5.92,-0.86
7.81,-5.96,-0.55
7.88,-5.96,-0.59
7.85,-5.96,-0.59
7.92,-5.96,-0.63
7.85,-5.96,-0.59
7.88,-5.92,-0.51
7.85,-5.96,-1.02
7.85,-5.92,-0.55
7.85,-6,-0.55
7.85,-5.96,-0.59
7.81,-5.96,-0.59
7.88,-6,-0.55
7.85,-5.96,-0.59
7.81,-5.96,-0.55
7.85,-5.96,-0.75
7.88,-6,-0.71
7.85,-5.92,-0.55
7.85,-5.92,-0.59
7.85,-5.92,-0.59
7.85,-5.96,-0.63
7.96,-5.96,-0.67
7.88,-5.92,-0.59
7.85,-5.92,-1.1
7.85,-6,-0.55
7.85,-5.96,-0.63
7.85,-5.92,-0.59
7.88,-5.96,-0.63
7.81,-5.96,-0.59
7.85,-5.96,-0.59
7.88,-5.88,-0.55
7.85,-5.92,-0.55
7.92,-5.92,-0.59
7.88,-5.96,-0.55
7.88,-5.92,-0.63
7.85,-5.92,-0.59
7.85,-5.92,-0.59
7.85,-5.96,-0.59
7.88,-5.96,-0.63
7.85,-6,-0.94
7.88,-5.96,-0.47
7.85,-5.96,-0.51
7.85,-6,-0.59
7.85,-5.92,-0.51
7.92,-5.92,-0.51
7.88,-5.92,-0.59
7.88,-5.88,-0.55
7.92,-5.96,-0.63
7.88,-6.08,-0.27
7.92,-5.96,-0.51
7.81,-5.96,-0.47
7.92,-6,-0.59
7.92,-6,-0.47
7.88,-5.92,-0.47
7.88,-5.92,-0.59
7.88,-5.92,-1.29
7.88,-5.96,-0.59
7.88,-5.96,-0.59
7.92,-5.96,-0.59
7.88,-5.92,-0.55
7.81,-5.96,-0.63
7.85,-5.96,-0.63
7.85,-5.88,-0.59
7.81,-5.96,-0.55
7.85,-6.24,-1.06
7.96,-5.92,-0.55
7.88,-5.92,-0.63
7.88,-5.96,-0.55
7.96,-5.92,-0.55
7.92,-5.96,-0.55
7.92,-5.88,-0.55
7.88,-5.92,-1.73
7.88,-5.96,-0.47
7.88,-5.96,-0.59
7.85,-5.92,-0.59
7.85,-5.96,-0.59
7.88,-5.92,-0.59
7.85,-5.88,-0.51
8.39,-5.69,-0.43
8.39,-5.81,-0.55
8.36,-5.88,-0.9
8.39,-5.73,-0.51
8.39,-5.77,-0.55
8.43,-5.77,-0.47
8.39,-5.77,-0.51
8.43,-5.77,-0.47
8.39,-5.81,-0.55
8.36,-5.73,-0.51
8.39,-5.73,-0.51
8.39,-5.77,-0.31
8.39,-5.77,-0.51
8.39,-5.61,-0.63
8.39,-5.77,-0.51
8.39,-5.77,-0.47
8.39,-5.73,-0.47
8.36,-5.73,-0.51
8.39,-5.77,-0.55
8.39,-5.77,-0.55
8.36,-5.77,-0.59
8.39,-5.77,-0.51
8.36,-5.73,-0.51
8.36,-5.73,-0.51
8.43,-5.77,-0.55
8.39,-5.77,-0.55
8.43,-5.81,-0.55
8.39,-5.81,-0.63
8.39,-5.73,-0.47
8.39,-5.73,-0.51
8.36,-5.69,-0.43
8.39,-5.77,-0.67
8.36,-5.77,-0.55
8.36,-5.69,-0.55
8.36,-5.73,-0.51
8.36,-5.77,-0.59
8.39,-5.77,-0.51
8.43,-5.77,-0.59
8.39,-5.77,-0.51
8.39,-5.73,-0.51
8.43,-5.92,-0.86
8.39,-5.81,-0.51
8.39,-5.73,-0.55
8.43,-5.77,-0.47
8.39,-5.73,-0.47
8.43,-5.73,-0.51
8.39,-5.81,-0.55
8.39,-5.73,-0.55
8.43,-5.77,-0.47
8.36,-5.69,-0.35
8.39,-5.69,-0.47
8.39,-5.77,-0.51
8.39,-5.77,-0.55
8.36,-5.81,-0.63
8.43,-5.77,-0.47
8.39,-5.73,-0.51
8.43,-5.73,-0.55
8.36,-5.77,-0.55
8.39,-5.81,-0.98
8.39,-5.81,-0.55
8.47,-5.65,-0.51
8.39,-5.77,-0.55
8.39,-5.73,-0.47
8.39,-5.73,-0.47
7.88,-6.04,-0.59
7.88,-6,-0.63
7.85,-5.96,-0.63
7.85,-5.92,-0.39
7.88,-6,-0.43
7.81,-6,-0.59
7.85,-6.08,-0.55
7.85,-6.04,-0.51
7.81,-5.96,-0.59
7.88,-6.04,-0.59
7.88,-5.96,-0.47
7.85,-5.92,-0.55
7.88,-6.16,-0.9
7.88,-5.92,-0.51
7.85,-5.96,-0.47
8.12,-5.84,-0.51
8.39,-5.73,-0.51
8.39,-5.73,-0.55
8.43,-5.77,-0.55
8.36,-5.73,-0.51
8.39,-5.73,-0.55
8.39,-5.61,-0.55
8.39,-5.73,-0.51
8.36,-5.73,-0.55
8.39,-5.69,-0.43
8.39,-5.73,-0.51
8.39,-5.69,-0.47
8.39,-5.73,-0.55
8.39,-5.73,-0.43
8.39,-5.73,-0.47
8.43,-5.84,-0.63
8.43,-5.73,-0.59
8.43,-5.77,-0.51
8.39,-5.69,-0.43
8.43,-5.77,-0.51
8.43,-5.81,-0.55
8.39,-5.73,-0.51
8.39,-5.73,-0.51
8.39,-5.73,-0.51
8.39,-5.69,0
8.39,-5.73,-0.47
8.43,-5.77,-0.55
8.43,-5.73,-0.51
8.39,-5.77,-0.43
8.47,-5.73,-0.51
8.43,-5.81,-0.51
8.39,-5.77,-0.47
8.39,-5.73,-0.55
8.39,-5.73,-0.43
8.39,-5.73,-0.47
8.39,-5.77,-0.47
8.39,-5.73,-0.51
8.39,-5.81,-0.67
8.36,-5.73,-0.47
8.43,-5.73,-0.47
8.43,-5.77,-0.51
8.39,-5.77,-0.47
8.39,-5.73,-0.51
8.39,-5.73,-0.51
8.43,-5.73,-0.51
8.43,-5.77,-0.51
8.39,-5.65,-0.35
8.36,-5.69,-0.51
8.39,-5.77,-0.55
8.43,-5.73,-0.51
8.43,-5.77,-0.43
8.43,-5.77,-0.55
8.39,-5.73,-0.51
8.39,-5.77,-0.51
8.39,-5.81,-0.51
8.36,-6.08,0.2
8.39,-5.73,-0.51
8.39,-5.61,-0.67
8.39,-5.77,-0.51
8.39,-5.73,-0.55
8.39,-5.81,-0.55
8.39,-5.69,-0.51
8.39,-5.77,-0.51
8.36,-5.73,-0.51
8.43,-5.77,-0.55
8.43,-5.77,-0.55
8.39,-5.69,-0.55
7.96,-5.88,-0.51
7.81,-5.96,-0.63
7.85,-6,-0.63
7.85,-6,-0.55
7.85,-6,-0.55
7.85,-5.96,-0.55
7.81,-5.96,-0.59
7.85,-5.96,-0.59
7.81,-6.28,-0.35
7.85,-5.96,-0.51
7.81,-5.96,-0.55
7.88,-6,-0.55
7.85,-5.96,-0.55
7.85,-6,-0.59
7.81,-5.96,-0.59
7.77,-5.92,-0.43
7.77,-5.92,-0.59
7.85,-6,-0.63
7.81,-5.96,-0.55
7.77,-5.96,-0.59
7.85,-6,-0.59
7.81,-5.92,-0.55
7.81,-6,-0.59
7.77,-5.92,-0.59
7.88,-5.81,-0.71
7.85,-6,-0.59
7.85,-5.96,-0.55
7.85,-5.96,-0.51
7.88,-6,-0.63
7.85,-5.96,-0.63
7.88,-5.96,-0.55
7.81,-5.96,-0.51
7.85,-5.92,-0.55
7.77,-5.92,-0.55
7.85,-6,-0.59
7.85,-5.96,-0.59
7.85,-5.96,-0.51
7.85,-6,-0.47
7.88,-5.96,-0.51
7.88,-5.96,-0.55
7.85,-6.24,1.02
7.88,-5.92,-0.47
7.85,-5.84,-0.67
7.92,-5.92,-0.59
7.88,-5.96,-0.55
7.88,-5.96,-0.55
7.85,-5.92,-0.55
7.88,-5.92,-0.59
7.88,-5.92,-0.59
7.96,-5.96,-1.53
7.85,-5.92,-0.55
7.88,-5.96,-0.51
7.81,-5.92,-0.63
7.88,-6,-0.67
7.85,-5.96,-0.55
7.85,-5.96,-0.59
7.88,-5.88,-0.59
7.85,-5.96,-0.55
7.92,-6.43,0.59
7.92,-5.92,-0.59
7.88,-6.08,-0.2
7.85,-5.96,-0.55
7.92,-5.96,-0.63
7.85,-5.92,-0.55
7.88,-5.88,-0.51
7.92,-5.96,-0.59
7.92,-6,-0.63
7.85,-5.96,-0.51
7.85,-5.96,-0.55
7.92,-5.96,-0.59
7.88,-5.92,-0.63
7.88,-5.96,-0.51
7.88,-5.92,-0.55
7.85,-5.92,-0.59
7.85,-6,-0.55
7.88,-5.96,-0.63
7.88,-6.12,0.31
7.85,-5.92,-0.47
8.2,-5.88,-0.51
7.92,-6,-0.59
7.88,-5.92,-0.55
7.88,-5.92,-0.55
7.81,-5.96,-0.55
7.85,-6,-0.59
7.88,-5.96,-0.51
7.88,-6.55,0.39
7.85,-5.96,-0.67
7.88,-6.12,-0.67
7.77,-5.96,-0.59
7.81,-5.96,-0.55
7.85,-5.96,-0.51
7.81,-5.96,-0.63
7.81,-5.96,-0.47
7.81,-6,-0.67
7.81,-6,-0.9
7.81,-5.96,-0.67
7.65,-5.84,-0.82
7.81,-5.96,-0.55
7.81,-5.92,-0.55
7.85,-5.96,-0.63
7.81,-5.96,-0.59
7.85,-5.92,-0.63
7.88,-5.96,-0.51
7.85,-5.96,-0.71
7.92,-6,-0.59
7.85,-5.92,-0.63
7.88,-5.96,-0.59
7.81,-5.92,-0.59
7.88,-5.96,-0.51
7.85,-5.92,-0.51
7.81,-5.96,-0.86
7.92,-6.04,-0.63
7.69,-5.92,-0.67
7.85,-5.96,-0.59
7.81,-5.92,-0.55
7.88,-5.92,-0.55
7.85,-5.92,-0.55
7.81,-5.96,-0.51
7.85,-5.92,-0.55
7.88,-6.2,-0.47
7.85,-5.92,-0.47
7.85,-5.92,-0.55
7.88,-5.96,-0.59
7.85,-5.96,-0.55
7.88,-6,-0.55
7.81,-5.92,-0.55
7.92,-6.04,-0.55
7.85,-5.92,-0.47
7.88,-6.24,1.02
7.88,-5.96,-0.59
8,-5.88,-0.63
7.88,-5.96,-0.63
7.81,-5.92,-0.51
7.92,-5.92,-0.51
7.92,-5.96,-0.59
7.88,-5.96,-0.51
7.92,-5.96,-0.59
7.85,-6.16,-0.51
7.85,-5.88,-0.55
7.85,-5.96,-0.59
7.92,-5.92,-0.59
7.85,-5.96,-0.51
7.92,-5.96,-0.63
7.81,-5.92,-0.51
7.88,-5.96,-0.35
7.85,-5.92,-0.55
7.77,-5.81,-0.82
7.88,-6,-0.55
7.85,-6,-0.47
7.85,-5.96,-0.55
7.85,-6,-0.59
7.92,-5.96,-0.59
7.85,-6.04,-0.63
7.85,-6.63,0.12
7.85,-5.92,-0.51
7.85,-5.14,-0.78
7.88,-5.92,-0.55
7.88,-5.96,-0.51
7.88,-5.96,-0.51
7.81,-5.96,-0.51
7.81,-5.96,-0.47
7.81,-5.96,-0.59
7.88,-6,-0.86
7.88,-5.96,-0.63
7.77,-6.12,-0.27
7.88,-5.96,-0.55
7.96,-5.92,-0.59
7.96,-5.92,-0.51
7.92,-5.96,-0.55
7.88,-5.96,-0.59
7.85,-5.96,-0.59
7.88,-5.61,-0.35
7.81,-5.92,-0.59
7.92,-5.92,-0.47
7.88,-6,-0.55
7.85,-5.92,-0.59
7.88,-5.92,-0.59
7.88,-5.96,-0.55
7.85,-6,-0.63
7.85,-5.92,-0.59
7.81,-6.24,0.12
7.85,-5.88,-0.51
7.88,-5.92,-0.55
7.85,-5.96,-0.59
7.88,-5.96,-0.59
7.88,-6,-0.51
7.81,-5.96,-0.67
7.92,-5.96,-0.55
7.88,-5.92,-0.55
7.85,-5.61,-0.31
7.85,-5.92,-0.67
7.92,-5.96,-0.55
7.92,-6,-0.51
7.92,-5.84,-0.59
8,-5.88,-0.55
7.81,-5.88,-0.51
7.88,-5.96,-1.45
7.81,-5.96,-0.59
7.81,-5.88,-0.35
7.88,-6,-0.47
7.81,-5.96,-0.55
7.88,-6,-0.59
7.85,-6,-0.51
7.85,-5.96,-0.63
7.88,-6.04,-0.59
7.81,-6.16,-0.39
7.88,-6.04,-0.59
7.81,-5.92,-0.59
7.88,-5.96,-0.51
7.88,-5.88,-0.55
7.92,-5.92,-0.51
7.92,-5.88,-0.55
7.92,-5.92,-1.29
8.39,-5.69,-0.47
8.28,-5.92,-0.71
7.85,-5.96,-0.55
7.88,-5.96,-0.63
7.85,-5.96,-0.51
7.85,-5.96,-0.67
7.81,-5.92,-0.59
7.85,-5.96,-0.59
7.88,-5.69,-0.47
7.77,-5.96,-0.47
7.88,-5.88,-0.43
7.85,-5.92,-0.59
7.85,-5.96,-0.55
7.88,-6,-0.51
7.85,-5.96,-0.59
7.85,-5.96,-0.55
7.85,-5.96,-0.59
7.85,-5.77,-0.59
7.85,-6,-0.55
7.85,-5.96,-0.51
7.92,-6,-0.51
7.92,-5.96,-0.59
8,-5.96,-0.59
8.36,-5.73,-0.51
8.39,-5.73,-0.35
8.39,-5.73,-0.51
8.43,-5.77,-0.51
8.39,-5.73,-0.51
8.39,-5.77,-0.55
8.39,-5.77,-0.47
8.39,-5.73,-0.47
8.39,-5.73,-0.51
8.39,-5.77,-0.43
8.39,-5.69,-0.67
8.43,-5.73,-0.55
8.51,-5.69,-0.39
8.43,-5.77,-0.51
8.39,-5.73,-0.47
8.39,-5.69,-0.51
8.43,-5.77,-0.51
8.43,-5.73,-0.51
8.39,-5.77,-0.55
8.43,-5.77,-0.51
8.43,-5.73,-0.51
8.43,-5.88,-0.31
8.43,-5.77,-0.43
8.39,-5.77,-0.47
8.39,-5.73,-0.51
8.39,-5.73,-0.47
8.39,-5.77,-0.51
8.39,-5.73,-0.51
8.39,-5.77,-0.55
8.43,-5.73,-0.51
8.43,-5.84,-0.67
8.43,-5.77,-0.51
8.39,-5.73,-0.47
8.43,-5.77,-0.43
8.39,-5.73,-0.43
8.39,-5.69,-0.51
8.43,-5.73,-0.51
8.39,-5.77,-0.51
8.39,-5.73,-0.43
8.39,-5.73,-0.04
8.47,-5.73,-0.47
8.39,-5.77,-0.59
8.43,-5.73,-0.51
8.39,-5.73,-0.51
8.39,-5.73,-0.55
8.36,-5.73,-0.47
8.36,-5.73,-0.51
8.43,-5.69,-0.47
8.47,-5.73,0.2
8.39,-5.73,-0.43
8.43,-5.73,-0.35
8.39,-5.81,-0.51
8.36,-5.81,-0.59
8.43,-5.77,-0.47
8.39,-5.77,-0.51
8.39,-5.73,-0.51
8.36,-5.73,-0.47
8.39,-5.77,-0.43
8.43,-5.73,-0.51
8.39,-5.77,-0.51
8.36,-5.73,-0.51
8.43,-5.92,-0.04
8.39,-5.73,-0.51
8.39,-5.73,-0.51
8.39,-5.77,-0.59
8.39,-5.73,-0.43
8.39,-5.73,-0.43
8.39,-5.69,-0.51
8.39,-5.77,-0.51
8.43,-5.77,-0.43
8.39,-5.81,-0.63
8.43,-5.73,-0.47
8.43,-5.77,-0.55
8.39,-5.77,-0.51
8.43,-5.77,-0.51
8.36,-5.73,-0.55
8.36,-5.73,-0.47
8.43,-5.73,-0.51
8.43,-5.77,-0.47
8.39,-5.69,-0.55
8.43,-5.77,-0.51
8.39,-5.69,-0.51
8.43,-5.73,-0.47
8.39,-5.73,-0.43
8.43,-5.73,-0.51
8.39,-5.73,-0.39
8.39,-5.77,-0.51
8.43,-5.73,-0.47
8.43,-5.73,-0.47
8.39,-5.73,-0.51
8.43,-5.81,-0.31
8.39,-5.73,-0.43
8.39,-5.77,-0.47
8.39,-5.69,-0.51
8.39,-5.69,-0.55
8.39,-5.77,-0.43
8.36,-5.73,-0.43
8.43,-5.81,-0.51
8.47,-5.73,-0.47
8.36,-5.77,-0.39
8.39,-5.73,-0.47
8.39,-5.73,-0.51
8.43,-5.73,-0.51
8.43,-5.73,-0.55
8.43,-5.77,-0.47
8.39,-5.77,-0.47
8.39,-5.77,-0.47
8.43,-5.73,-0.51
8.39,-5.84,-0.71
8.43,-5.77,-0.51
8.39,-5.73,-0.47
8.39,-5.69,-0.47
8.43,-5.77,-0.47
8.43,-5.77,-0.47
8.39,-5.73,-0.55
8.39,-5.73,-0.47
8.43,-5.73,-0.47
8.39,-5.69,-0.35
8.43,-5.73,-0.51
8.51,-5.73,-0.55
8.43,-5.73,-0.51
8.39,-5.69,-0.47
8.47,-5.73,-0.43
8.39,-5.73,-0.51
8.39,-5.77,-0.43
8.39,-5.73,-0.47
8.39,-5.73,-0.47
8.43,-5.73,-0.55
8.39,-5.65,-0.86
8.36,-5.73,-0.39
8.39,-5.73,-0.55
8.39,-5.77,-0.47
8.43,-5.69,-0.51
8.39,-5.69,-0.51
8.43,-5.81,-0.47
8.39,-5.73,-0.51
8.39,-5.77,-0.43
8.43,-5.88,-0.35
8.43,-5.77,-0.47
8.43,-5.73,-0.47
8.43,-5.77,-0.47
8.47,-5.81,-0.47
8.43,-5.77,-0.51
8.39,-5.73,-0.47
8.43,-5.73,-0.51
8.39,-5.77,-0.47
8.43,-5.73,-0.55
8.39,-5.73,-0.47
8.36,-5.73,-0.47
8.43,-5.77,-0.47
8.39,-5.77,-0.47
8.39,-5.73,-0.55
8.36,-5.69,-0.47
8.39,-5.73,-0.47
8.39,-5.73,-0.43
8.39,-5.73,-0.63
8.39,-5.69,-0.51
8.43,-5.69,-0.67
8.39,-5.77,-0.47
8.39,-5.69,-0.43
8.39,-5.73,-0.39
8.43,-5.77,-0.51
8.39,-5.77,-0.51
8.43,-5.77,-0.47
8.43,-5.73,-0.51
8.39,-5.69,-0.47
8.39,-5.84,-0.75
8.43,-5.73,-0.47
8.43,-5.77,-0.47
8.39,-5.73,-0.51
8.39,-5.77,-0.43
8.36,-5.73,-0.47
8.39,-5.73,-0.51
8.39,-5.73,-0.51
8.43,-5.77,-0.47
8.39,-5.77,-0.35
8.43,-5.73,-0.47
8.47,-5.73,-0.43
8.43,-5.77,-0.51
8.43,-5.77,-0.47
8.43,-5.77,-0.47
8.39,-5.73,-0.47
8.39,-5.73,-0.43
8.39,-5.73,-0.47
8.39,-5.73,-0.67
8.39,-5.77,-0.43
8.47,-5.65,-0.59
8.43,-5.73,-0.51
8.43,-5.73,-0.51
8.43,-5.77,-0.43
8.39,-5.73,-0.51
8.43,-5.77,-0.51
8.39,-5.73,-0.47
8.39,-5.73,-0.35
8.39,-5.77,-0.47
8.39,-5.88,-0.35
8.39,-5.77,-0.55
8.43,-5.73,-0.47
8.39,-5.73,-0.51
8.43,-5.73,-0.59
8.39,-5.73,-0.43
8.43,-5.69,-0.51
8.39,-5.73,-0.51
8.47,-5.73,-0.51
8.47,-5.69,-0.51
8.43,-5.73,-0.47
8.39,-5.73,-0.47
8.43,-5.77,-0.43
8.39,-5.73,-0.47
8.43,-5.73,-0.47
8.39,-5.77,-0.47
8.39,-5.73,-0.47
8.43,-5.73,-0.51
8.39,-5.73,-0.12
8.39,-5.69,-0.43
8.43,-5.73,-0.47
8.43,-5.69,-0.47
8.39,-5.77,-0.51
8.39,-5.73,-0.43
8.39,-5.73,-0.51
8.36,-5.73,-0.47
8.43,-5.77,-0.43
8.39,-5.73,-0.31
8.39,-5.73,-0.47
8.39,-5.73,-0.31
8.39,-5.73,-0.39
8.43,-5.81,-0.43
8.43,-5.77,-0.51
8.47,-5.77,-0.47
8.43,-5.77,-0.51
8.39,-5.77,-0.51
8.39,-5.73,-0.47
8.39,-5.73,-0.47
8.43,-5.84,-0.51
8.43,-5.77,-0.43
8.43,-5.73,-0.47
8.39,-5.73,-0.51
8.39,-5.73,-0.51
8.39,-5.73,-0.47
8.39,-5.73,-0.55
8.39,-5.73,-0.43
8.39,-5.73,-0.47
8.43,-5.49,-0.51
8.39,-5.73,-0.47
8.43,-5.73,-0.35
8.39,-5.73,-0.51
8.39,-5.77,-0.47
8.39,-5.73,-0.51
8.39,-5.77,-0.47
8.47,-5.77,-0.47
8.39,-5.69,-0.55
8.43,-5.77,-0.71
8.43,-5.73,-0.47
8.47,-5.77,-0.67
8.43,-5.77,-0.43
8.43,-5.77,-0.51
8.43,-5.73,-0.39
8.39,-5.77,-0.51
8.39,-5.77,-0.39
8.43,-5.73,-0.39
8.43,-5.77,-0.16
8.39,-5.73,-0.51
8.36,-5.81,-0.31
8.43,-5.77,-0.51
8.39,-5.69,-0.51
8.43,-5.73,-0.55
8.39,-5.73,-0.43
8.39,-5.73,-0.39
8.43,-5.73,-0.47
8.39,-5.73,-0.47
8.43,-5.81,-0.55
8.43,-5.88,-0.63
8.39,-5.77,-0.47
8.39,-5.69,-0.47
8.39,-5.73,-0.47
8.39,-5.73,-0.47
8.43,-5.73,-0.47
8.39,-5.77,-0.47
8.43,-5.77,-0.47
8.43,-5.77,-0.43
8.39,-5.37,-0.82
8.39,-5.81,-0.47
8.39,-5.73,-0.47
8.43,-5.77,-0.47
8.43,-5.73,-0.51
8.43,-5.73,-0.43
8.43,-5.77,-0.51
8.36,-5.73,-0.51
8.39,-5.73,-0.47
8.43,-5.77,-0.16
8.47,-5.77,-0.59
8.36,-5.73,-0.63
8.39,-5.77,-0.47
8.43,-5.77,-0.43
8.43,-5.73,-0.51
8.43,-5.81,-0.55
8.39,-5.77,-0.47
8.39,-5.73,-0.51
8.39,-5.73,-0.24
8.43,-5.73,-0.51
8.39,-5.65,-0.47
8.36,-5.65,-0.51
8.47,-5.77,-0.47
8.39,-5.73,-0.47
8.43,-5.73,-0.43
8.39,-5.73,-0.43
8.39,-5.77,-0.51
8.39,-5.77,-0.47
8.36,-5.69,-0.47
8.47,-5.81,0.08
8.39,-5.73,-0.47
8.39,-5.84,-0.04
8.39,-5.73,-0.47
8.43,-5.73,-0.51
8.39,-5.73,-0.39
8.39,-5.73,-0.51
8.47,-5.73,-0.47
8.39,-5.77,-0.47
8.39,-5.73,-0.47
8.43,-5.73,-0.43
8.36,-5.77,-0.39
8.39,-5.77,-0.47
8.43,-5.73,-0.39
8.39,-5.73,-0.47
8.39,-5.77,-0.47
8.39,-5.77,-0.43
8.43,-5.77,-0.55
8.39,-5.77,-0.47
8.39,-5.77,-0.51
8.43,-5.77,-0.43
8.39,-5.73,-0.47
8.39,-5.84,-0.47
8.43,-5.77,-0.51
8.39,-5.73,-0.43
8.39,-5.73,-0.51
8.39,-5.69,-0.43
8.43,-5.73,-0.51
8.43,-5.73,-0.51
8.39,-5.73,-0.82
8.43,-5.73,-0.47
8.39,-5.73,-0.51
8.43,-5.73,-0.47
8.39,-5.73,-0.47
8.39,-5.73,-0.47
8.39,-5.73,-0.43
8.39,-5.73,-0.55
8.43,-5.73,-0.47
8.43,-5.73,-0.51
8.43,-5.69,-0.51
8.39,-5.96,-0.24
8.39,-5.73,-0.55
8.43,-5.77,-0.47
8.39,-5.77,-0.51
8.43,-5.77,-0.47
8.39,-5.73,-0.43
8.43,-5.77,-0.55
8.43,-5.73,-0.51
8.43,-5.77,-0.51
8.39,-5.77,-0.27
8.43,-5.77,-0.55
8.39,-5.77,-0.43
8.39,-5.73,-0.51
8.39,-5.73,-0.47
8.43,-5.77,-0.55
8.43,-5.77,-0.51
8.39,-5.73,-0.47
8.39,-5.73,-0.47
8.43,-5.77,-0.67
7.85,-5.96,-0.59
7.69,-6.08,0.08
7.85,-5.96,-0.47
7.85,-5.92,-0.55
7.85,-6,-0.51
7.85,-6,-0.55
7.81,-5.96,-0.51
7.85,-5.96,-0.63
8.43,-5.77,-0.43
8.39,-5.77,-0.47
8.43,-5.65,-0.9
8.39,-5.73,-0.47
8.43,-5.77,-0.47
8.43,-5.69,-0.47
8.39,-5.73,-0.47
8.43,-5.81,-0.43
8.39,-5.77,-0.47
8.39,-5.73,-0.51
8.43,-5.77,-0.47
8.43,-5.77,0
8.39,-5.77,-0.47
8.43,-5.77,-0.47
8.43,-5.69,-0.47
8.43,-5.65,-0.59
8.43,-5.77,-0.47
8.36,-5.77,-0.47
8.47,-5.77,-0.51
8.39,-5.73,-0.47
8.39,-5.73,-0.47
8.39,-5.73,-0.47
8.43,-5.77,0.51
8.43,-5.73,-0.47
8.43,-5.77,-0.55
8.39,-5.73,-0.47
8.43,-5.77,-0.43
8.43,-5.77,-0.55
8.39,-5.73,-0.51
8.43,-5.69,-0.51
8.43,-5.69,-0.43
8.39,-5.73,-0.47
8.39,-5.73,-0.47
8.39,-5.77,-0.47
8.39,-5.69,-0.51
8.43,-5.69,-0.55
8.43,-5.73,-0.51
8.43,-5.73,-0.51
8.39,-5.77,-0.43
8.39,-5.73,-0.39
8.39,-5.73,-0.51
8.39,-5.73,-0.43
8.39,-5.73,-0.47
8.39,-5.73,-0.43
8.39,-5.73,-0.43
8.43,-5.73,-0.43
8.43,-5.77,-0.43
8.43,-5.73,-0.47
8.43,-5.73,-0.47
8.47,-5.73,-0.43
8.43,-5.77,-0.47
8.43,-5.73,-0.43
8.39,-5.77,-0.43
8.47,-5.77,0.24
8.43,-5.73,-0.35
8.39,-5.77,-0.24
8.43,-5.73,-0.43
8.36,-5.81,-0.2
8.43,-5.73,-0.47
8.39,-5.73,-0.51
8.43,-5.77,-0.47
8.43,-5.77,-0.47
8.43,-5.73,-0.47
8.39,-5.73,-0.47
8.43,-5.77,-0.51
8.39,-5.73,-0.51
8.43,-5.92,0.24
8.39,-5.73,-0.51
8.43,-5.88,-0.51
8.43,-5.77,-0.39
8.43,-5.73,-0.47
8.43,-5.77,-0.43
8.43,-5.73,-0.39
8.43,-5.77,-0.47
8.43,-5.69,-0.43
8.43,-5.77,-0.43
8.43,-5.77,-0.47
8.43,-5.81,-0.39
8.43,-5.73,-0.47
8.47,-5.77,-0.51
8.43,-5.77,-0.47
8.43,-5.73,-0.43
8.43,-5.73,-0.43
8.39,-5.77,-0.43
8.39,-5.73,-0.47
8.39,-5.73,-0.47
8.43,-5.77,-0.24
8.47,-5.73,-0.55
8.36,-5.77,-0.55
8.39,-5.77,-0.47
8.47,-5.73,-0.51
8.43,-5.77,-0.47
8.43,-5.73,-0.43
8.39,-5.73,-0.43
8.39,-5.73,-0.47
8.39,-5.77,-0.67
8.39,-5.73,-0.55
8.43,-5.73,-0.78
8.47,-5.77,-0.43
8.39,-5.81,-0.43
8.43,-5.73,-0.55
8.39,-5.77,-0.47
8.43,-5.73,-0.43
8.43,-5.73,-0.51
8.43,-5.77,-0.51
8.43,-5.77,-0.51
8.39,-5.92,-0.71
8.43,-5.73,-0.51
8.43,-5.73,-0.47
8.39,-5.73,-0.51
8.43,-5.73,-0.47
8.43,-5.77,-0.47
8.43,-5.73,-0.43
8.39,-5.73,-0.47
8.39,-5.73,-0.47
7.81,-6,-1.37
7.85,-5.96,-0.63
7.81,-6,-0.51
7.81,-6,-0.55
7.81,-5.96,-0.55
7.77,-5.96,-0.63
7.81,-5.96,-0.59
7.85,-6,-0.59
7.85,-5.92,-0.55
7.77,-5.41,-1.02
7.81,-5.92,-0.59
7.85,-5.92,-0.55
7.85,-5.96,-0.51
7.77,-5.96,-0.71
8.08,-5.81,-0.39
8.12,-5.88,-0.47
8.12,-5.92,0.75
8.04,-5.84,-0.47
8.08,-5.88,0.63
8.04,-5.92,-0.47
8.08,-5.88,-0.24
8.08,-5.88,-0.51
8,-5.81,-0.51
8.08,-5.92,-0.43
7.88,-6.04,-0.51
8.08,-5.96,-0.47
8,-5.88,-0.51
8,-5.92,-0.55
8.08,-5.84,-0.43
8.08,-5.65,-0.43
8.08,-5.88,-0.47
8.12,-5.81,-0.47
8.12,-5.84,-0.47
7.85,-6,-0.59
7.88,-6,-0.63
7.85,-5.96,-0.55
7.81,-6,-0.27
7.85,-5.96,-0.55
7.81,-5.84,-0.78
7.88,-5.96,-0.47
7.88,-5.92,-0.51
7.81,-5.96,-0.55
7.81,-6,-0.55
7.85,-5.92,-0.59
7.85,-5.96,-0.59
7.85,-5.61,-0.16
7.85,-5.96,-0.51
7.81,-6,-0.55
7.81,-5.96,-0.55
7.85,-5.96,-0.59
7.81,-5.92,-0.51
7.85,-6,-0.51
7.81,-5.92,-0.43
7.88,-6,-0.55
7.85,-6.28,-1.1
7.85,-6.04,-0.51
7.81,-5.92,-0.51
7.88,-5.96,-0.59
7.81,-5.92,-0.47
7.85,-5.96,-0.55
7.88,-6,-0.59
7.81,-5.96,-0.98
7.81,-5.96,-0.51
7.81,-6,-0.55
7.77,-5.96,-0.55
7.88,-5.96,-0.63
7.85,-5.96,-0.51
7.81,-5.96,-0.51
7.85,-6,-0.47
7.88,-5.96,-0.59
7.85,-5.73,-0.39
7.88,-6,-0.59
7.81,-5.88,-0.59
7.85,-5.96,-0.47
7.88,-5.96,-0.51
7.88,-5.92,-0.59
7.85,-5.88,-0.63
7.88,-5.92,-1.18
7.81,-5.92,-0.59
7.92,-6,-0.98
7.88,-5.96,-0.51
7.88,-5.96,-0.51
7.85,-5.92,-0.51
7.81,-5.92,-0.51
7.85,-6,-0.55
7.85,-6,-0.51
7.88,-6.2,0.04
7.85,-6,-0.59
7.88,-6.24,-0.75
7.85,-5.96,-0.55
7.85,-5.92,-0.55
7.85,-5.96,-0.43
7.85,-5.92,-0.55
7.88,-5.96,-0.51
7.85,-5.96,-0.55
7.88,-6,-0.35
7.81,-5.96,-0.63
7.81,-6.08,-0.31
7.81,-5.92,-0.55
7.85,-5.92,-0.51
7.88,-5.96,-0.55
7.81,-6,-0.55
7.85,-5.96,-0.55
7.77,-5.96,-0.55
7.81,-5.88,0
7.81,-5.96,-0.63
7.81,-6.2,-0.75
7.85,-5.92,-0.55
7.88,-6,-0.47
7.85,-5.96,-0.51
7.85,-5.92,-0.51
7.85,-5.96,-0.55
7.88,-5.96,-0.55
7.88,-6,-1.49
7.88,-6,-0.59
7.81,-5.96,-0.59
7.77,-5.92,-0.51
7.85,-5.96,-0.55
7.88,-6,-0.47
7.88,-5.96,-0.59
7.88,-6,-0.51
7.81,-5.96,-0.51
7.88,-6.08,0.24
7.88,-5.96,-0.55
7.88,-6.16,-0.98
7.85,-5.92,-0.59
7.85,-6,-0.51
7.85,-5.96,-0.51
7.81,-5.92,-0.51
7.88,-5.96,-0.55
7.85,-6,-0.51
7.85,-6,-1.14
7.85,-5.92,-0.55
7.85,-5.96,-0.47
7.85,-5.96,-0.55
7.85,-5.92,-0.55
7.88,-5.96,-0.59
7.85,-5.96,-0.51
7.85,-5.96,-0.59
7.88,-5.96,-0.59
7.88,-6.32,-0.86
7.81,-6,-0.51
7.85,-5.96,-0.55
7.85,-5.96,-0.55
7.85,-6,-0.47
7.85,-5.92,-0.47
7.88,-5.92,-0.55
7.88,-6,-0.9
7.88,-6,-0.51
7.77,-5.69,-1.1
7.88,-5.92,-0.55
7.88,-5.96,-0.55
7.81,-5.96,-0.51
7.85,-5.92,-0.55
7.88,-5.96,-0.55
7.85,-5.96,-0.59
7.88,-6.28,0.71
7.88,-5.92,-0.51
7.88,-6.35,-0.71
7.88,-5.92,-0.47
7.85,-5.96,-0.47
7.92,-6.04,-0.47
7.85,-5.96,-0.59
7.85,-5.96,-0.51
7.85,-5.96,-0.51
7.85,-5.88,-0.43
7.96,-5.96,-0.59
7.73,-6.04,-0.04
7.88,-5.92,-0.55
7.88,-5.96,-0.51
7.92,-5.92,-0.51
7.92,-5.96,-0.47
7.81,-5.88,-0.55
7.88,-5.96,-0.59
7.88,-5.61,-0.55
7.88,-5.96,-0.51
7.81,-5.92,-0.51
7.88,-5.96,-0.55
7.85,-5.96,-0.47
7.85,-5.96,-0.63
7.88,-5.92,-0.55
7.88,-5.96,-0.51
7.85,-5.96,-0.51
7.88,-5.88,-0.63
7.92,-5.92,-0.51
7.85,-5.96,-0.55
7.88,-5.92,-0.59
7.88,-5.92,-0.55
7.88,-5.92,-0.51
7.85,-5.96,-0.59
7.88,-5.96,-0.51
7.88,-5.92,-0.55
7.88,-5.92,-0.51
7.85,-5.92,-0.55
7.85,-5.96,-0.47
7.85,-5.92,-0.47
7.85,-5.92,-0.55
7.81,-5.92,-0.55
8.39,-5.73,-0.43
8.43,-5.96,-0.39
8.43,-5.73,-0.55
8.39,-5.73,-0.47
8.43,-5.73,-0.47
8.39,-5.73,-0.47
8.43,-5.77,-0.47
8.39,-5.77,-0.47
8.43,-5.77,-0.51
8.43,-5.77,-0.43
8.39,-5.69,-0.63
8.39,-5.73,-0.43
8.39,-5.73,-0.47
8.39,-5.73,-0.43
8.43,-5.73,-0.39
8.43,-5.77,-0.47
8.43,-5.77,-0.43
8.47,-5.73,-0.43
8.47,-5.73,-0.43
8.39,-5.77,-0.51
8.43,-5.73,-0.47
8.47,-5.81,-0.43
8.43,-5.73,-0.47
8.43,-5.73,-0.35
8.39,-5.73,-0.47
8.43,-5.73,-0.43
8.39,-5.73,-0.43
8.43,-5.73,-0.51
8.39,-5.73,-0.43
8.39,-5.77,-0.43
8.39,-5.65,-0.75
8.43,-5.77,-0.47
8.47,-5.73,-0.47
8.43,-5.73,-0.47
8.43,-5.73,-0.47
8.39,-5.73,-0.47
8.47,-5.77,-0.47
8.43,-5.73,-0.43
8.43,-5.77,-0.51
8.39,-5.77,0
8.43,-5.77,-0.55
8.43,-5.73,-0.55
8.39,-5.77,-0.39
8.39,-5.77,-0.51
8.43,-5.77,-0.51
8.43,-5.73,-0.47
8.43,-5.73,-0.47
8.43,-5.73,-0.51
8.43,-5.73,-0.51
8.39,-5.69,-0.43
8.43,-5.73,0.04
8.39,-5.73,-0.43
8.43,-5.77,-0.39
8.43,-5.73,-0.47
8.39,-5.73,-0.47
8.39,-5.73,-0.51
8.39,-5.73,-0.39
8.39,-5.77,-0.43
8.43,-5.73,-0.47
8.43,-5.77,-0.51
8.43,-5.77,-0.43
8.43,-5.81,-0.98
8.39,-5.77,-0.43
8.43,-5.73,-0.51
8.39,-5.69,-0.51
8.47,-5.77,-0.43
8.39,-5.69,-0.47
8.43,-5.73,-0.51
8.39,-5.73,-0.43
8.39,-5.73,-0.47
8.43,-5.73,-0.47
8.39,-5.69,-0.51
8.39,-5.61,-0.67
8.39,-5.73,-0.51
8.39,-5.69,-0.43
8.43,-5.77,-0.43
8.39,-5.77,-0.47
8.47,-5.77,-0.43
8.43,-5.77,-0.43
8.36,-5.73,-0.43
8.43,-5.73,-0.47
8.39,-5.73,-0.59
8.43,-5.81,-0.51
8.43,-5.73,-0.55
8.43,-5.77,-0.47
8.39,-5.77,-0.51
8.43,-5.73,-0.43
8.39,-5.73,-0.39
8.43,-5.77,-0.43
8.43,-5.73,-0.51
8.43,-5.73,-0.9
8.43,-5.73,-0.51
8.43,-5.73,-0.75
8.39,-5.69,-0.55
8.39,-5.69,-0.47
8.39,-5.77,-0.47
8.43,-5.73,-0.43
8.39,-5.73,-0.47
8.43,-5.77,-0.47
8.39,-5.73,-0.43
8.43,-5.77,-0.47
8.43,-5.92,-0.39
8.43,-5.69,-0.51
8.39,-5.73,-0.47
8.39,-5.69,-0.47
8.43,-5.77,-0.51
8.39,-5.73,-0.43
8.43,-5.73,-0.51
8.43,-5.73,-0.47
8.43,-5.73,-0.43
8.39,-5.73,-0.35
8.43,-5.73,-0.43
8.47,-5.77,-0.43
8.47,-5.77,-0.47
8.39,-5.73,-0.47
8.43,-5.73,-0.43
8.39,-5.69,-0.51
8.39,-5.73,-0.43
8.47,-5.73,-0.43
8.43,-5.73,-0.43
8.43,-5.73,-0.51
8.43,-5.84,-0.39
8.43,-5.73,-0.47
8.39,-5.77,-0.51
8.43,-5.73,-0.47
8.39,-5.73,-0.39
8.43,-5.77,-0.43
8.43,-5.77,-0.43
8.43,-5.73,-0.47
8.39,-5.73,-0.47
8.39,-5.81,-0.51
8.39,-5.73,-0.39
8.39,-5.73,-0.43
8.39,-5.73,-0.43
8.39,-5.73,-0.47
8.39,-5.73,-0.43
8.36,-5.69,-0.51
8.39,-5.73,-0.47
8.43,-5.73,-0.51
8.43,-5.77,-0.39
8.39,-5.73,-0.43
8.43,-5.73,-0.47
8.39,-5.77,-0.47
8.47,-5.77,-0.47
8.39,-5.77,-0.51
8.43,-5.73,-0.39
8.39,-5.73,-0.47
8.47,-5.77,-0.47
8.39,-5.77,0.16
8.43,-5.77,-0.47
8.39,-5.73,-0.39
8.43,-5.73,-0.51
8.47,-5.77,-0.47
8.43,-5.69,-0.43
8.36,-5.73,-0.51
8.43,-5.77,-0.43
8.36,-5.73,-0.51
8.43,-5.77,-0.39
8.43,-5.73,-0.47
8.39,-5.69,-0.43
8.43,-5.77,-0.43
8.39,-5.84,-0.51
8.43,-5.77,-0.39
8.47,-5.77,-0.47
8.43,-5.77,-0.47
8.43,-5.73,-0.43
8.39,-5.69,-0.51
8.43,-5.73,-0.47
8.39,-5.77,-0.51
8.43,-5.73,-0.47
8.43,-5.73,-0.78
8.39,-5.73,-0.51
8.36,-5.73,-0.47
8.39,-5.77,-0.51
8.39,-5.69,-0.43
8.39,-5.73,-0.43
8.43,-5.77,-0.51
8.43,-5.77,-0.51
8.39,-5.73,-0.39
8.39,-5.69,-0.43
8.43,-5.77,-0.43
8.43,-5.69,-0.71
8.39,-5.73,-0.39
8.43,-5.73,-0.47
8.43,-5.73,-0.47
8.39,-5.69,-0.39
8.39,-5.77,-0.43
8.39,-5.73,-0.43
8.43,-5.77,-0.39
8.43,-5.77,-0.43
8.39,-5.84,0.04
8.43,-5.77,-0.47
8.43,-5.69,-0.55
8.43,-5.77,-0.47
8.39,-5.73,-0.47
8.39,-5.73,-0.51
8.43,-5.73,-0.47
8.39,-5.69,-0.47
8.43,-5.77,-0.51
8.39,-5.73,-0.47
8.43,-5.73,-0.39
8.39,-5.57,-0.47
8.39,-5.73,-0.43
8.47,-5.73,-0.47
8.43,-5.73,-0.47
8.43,-5.73,-0.43
8.39,-5.77,-0.47
8.43,-5.73,-0.47
8.43,-5.73,-0.43
8.43,-5.77,-0.47
8.43,-5.73,-0.43
8.43,-5.69,-0.47
8.39,-5.61,-0.67
8.39,-5.69,-0.43
8.43,-5.77,-0.43
8.39,-5.73,-0.43
8.39,-5.73,-0.43
8.39,-5.73,-0.47
8.43,-5.73,-0.51
8.43,-5.73,-0.47
8.39,-5.73,-0.47
8.43,-5.84,-0.71
8.43,-5.69,-0.43
8.43,-5.73,-0.43
8.39,-5.73,-0.47
8.39,-5.73,-0.43
8.39,-5.69,-0.51
8.39,-5.73,-0.43
8.39,-5.69,-0.43
8.43,-5.73,-0.51
8.43,-5.57,-0.75
8.43,-5.73,-0.43
8.39,-5.73,-0.43
8.43,-5.73,-0.47
8.43,-5.77,-0.47
8.39,-5.77,-0.39
8.39,-5.73,-0.47
8.43,-5.77,-0.43
8.43,-5.77,-0.47
8.43,-5.73,-0.55
8.39,-5.69,-0.51
8.43,-5.65,-0.63
8.47,-5.73,-0.39
8.43,-5.73,-0.43
8.39,-5.73,-0.47
8.43,-5.73,-0.51
8.43,-5.73,-0.47
8.43,-5.73,-0.43
8.47,-5.77,-0.43
8.43,-5.73,-0.43
8.43,-5.73,-0.63
8.39,-5.73,-0.47
8.39,-5.69,-0.51
8.43,-5.73,-0.43
8.43,-5.73,-0.39
8.39,-5.77,-0.43
8.43,-5.69,-0.43
8.43,-5.73,-0.47
8.36,-5.69,-0.43
8.43,-5.84,0.04
8.43,-5.73,-0.43
8.43,-5.73,-0.63
8.39,-5.73,-0.51
8.43,-5.73,-0.47
8.39,-5.73,-0.47
8.43,-5.73,-0.43
8.39,-5.69,-0.55
8.43,-5.73,-0.43
8.43,-5.73,-0.43
8.43,-5.77,-0.39
8.43,-5.77,-0.2
8.43,-5.77,-0.47
8.32,-5.69,-0.43
8.47,-5.77,-0.43
8.43,-5.73,-0.51
8.39,-5.69,-0.39
8.39,-5.73,-0.47
8.43,-5.73,-0.47
8.43,-5.73,-0.51
8.39,-5.73,-0.47
8.43,-5.73,-0.39
8.47,-5.88,-0.43
8.43,-5.73,-0.43
8.47,-5.73,-0.39
8.39,-5.73,-0.47
8.39,-5.73,-0.39
8.43,-5.77,-0.47
8.39,-5.73,-0.55
8.51,-5.73,-0.39
8.39,-5.69,-0.51
8.39,-5.77,-0.75
8.39,-5.73,-0.47
8.43,-5.84,-0.2
8.43,-5.77,-0.47
8.43,-5.73,-0.43
8.39,-5.69,-0.39
8.43,-5.69,-0.43
8.43,-5.81,-0.43
8.43,-5.69,-0.51
8.43,-5.73,-0.35
8.39,-5.73,-0.43
8.43,-5.81,-0.24
8.47,-5.73,-0.51
8.43,-5.77,-0.47
8.43,-5.77,-0.47
8.43,-5.77,-0.43
8.47,-5.69,-0.47
8.43,-5.73,-0.43
8.43,-5.77,-0.43
8.43,-5.69,-0.51
8.43,-5.65,-0.94
8.39,-5.69,-0.43
8.43,-5.73,-0.43
8.39,-5.73,-0.47
8.43,-5.73,-0.39
8.43,-5.73,-0.47
8.39,-5.69,-0.43
8.43,-5.77,-0.43
8.39,-5.77,-0.39
7.92,-5.96,-0.63
7.69,-6.08,-0.82
8.39,-5.73,-0.39
7.85,-6,-0.94
8.39,-5.73,-0.47
7.77,-5.33,-0.86
7.77,-6.04,-0.75
8.36,-5.69,-0.47
7.73,-6,-0.75
7.77,-6.04,-0.67
7.61,-6.12,-0.86
7.81,-6.04,-0.08
8.43,-5.73,-0.51
8.43,-5.81,-0.31
7.77,-6,-0.71
7.77,-6.08,-0.75
7.92,-5.92,-0.51
7.88,-5.81,-0.71
7.85,-5.92,-0.39
7.77,-5.96,-0.59
8.43,-5.77,-0.55
7.69,-6.04,-0.82
7.81,-5.96,-0.55
7.81,-5.92,-0.71
7.81,-6,-0.59
7.73,-6.04,-0.78
7.92,-6,-0.51
7.77,-5.96,-0.67
8.43,-5.73,-0.43
7.69,-6.04,-0.78
7.81,-6.08,-0.75
7.73,-5.96,-0.71
8.39,-5.73,-0.47
7.73,-6.08,-0.67
7.77,-5.92,-0.63
8.39,-5.69,-0.67
7.88,-5.69,-0.47
7.85,-5.92,-0.55
7.88,-5.92,-0.47
7.61,-6.08,-0.86
7.92,-5.96,-0.59
7.81,-5.96,-0.67
7.69,-6.08,-0.86
7.73,-6,-0.63
8.39,-5.77,-0.59
7.88,-5.88,-0.59
7.69,-6.04,-0.71
8.43,-5.77,-0.55
7.73,-6.08,-0.78
7.61,-6,-0.75
7.85,-5.96,-0.59
7.77,-6,-0.67
8.39,-5.73,-0.39
8.32,-5.77,-0.35
7.81,-6.04,-0.59
8.36,-5.81,-0.55
7.73,-6.04,-0.63
7.73,-6.04,-0.67
7.88,-5.96,-0.63
8,-5.88,-0.63
7.81,-5.96,-0.59
8.43,-5.73,-0.47
8.39,-5.77,-0.51
7.88,-5.88,-0.59
7.69,-6.04,-0.78
7.77,-6,-0.9
7.77,-6.04,-0.63
7.73,-6.04,-0.71
7.85,-5.96,-0.59
8.39,-5.77,-0.43
7.81,-5.96,-0.63
8.39,-5.77,-0.47
7.92,-6,-0.59
7.81,-5.96,-0.67
7.73,-5.96,-0.63
7.85,-6.24,1.02
7.88,-5.88,-0.55
8.12,-5.92,-0.78
7.85,-5.92,-0.55
7.65,-6.08,-0.86
8.12,-5.88,-0.94
7.81,-5.96,-0.86
8.39,-5.73,-0.51
8.28,-5.92,-0.71
8.39,-5.69,-0.51
7.85,-6,-0.59
8.39,-5.73,-0.51
8.39,-5.73,-0.51
7.85,-6,-0.55
8.43,-5.73,-0.51
8.39,-5.69,-0.43
7.77,-6,-0.59
8.39,-5.77,-0.47
7.81,-6,-0.59
7.88,-6,-0.55
7.85,-5.96,-0.63
7.65,-6.04,-0.9
7.73,-5.92,-0.51
7.69,-6,-1.02
7.77,-6,-0.75
8.39,-5.73,-0.51
8.36,-5.77,-0.63
7.81,-5.96,-0.51
7.81,-5.96,-0.59
8.43,-5.73,-0.43
7.81,-6,-0.59
8.39,-5.77,-0.51
7.85,-6.04,0.39
7.88,-5.92,-0.59
8.39,-5.65,-0.47
8.47,-5.77,-0.43
7.69,-6,-0.78
7.81,-5.96,-0.63
7.69,-5.84,-1.26
8.12,-5.84,-0.51
7.88,-5.96,-0.55
7.85,-6,-1.02
8.43,-5.73,-0.47
8.43,-5.92,-0.86
7.85,-6,-0.71
7.88,-5.88,-0.51
7.69,-5.92,-0.67
8.39,-5.77,-0.51
8.43,-5.77,-0.47
7.77,-6,-0.82
8.36,-5.73,-0.51
7.69,-6,-0.67
8.39,-5.81,-0.47
7.77,-6,-0.71
7.77,-6,-0.75
7.81,-5.96,-0.59
8.43,-5.88,-0.31
8.39,-5.77,-0.43
7.61,-6.08,-0.78
7.77,-6.04,-0.75
7.77,-5.49,-0.82
8.12,-5.84,-0.78
7.77,-6,-0.78
7.85,-6,-0.59
7.88,-5.96,-0.63
7.85,-5.96,-0.59
7.77,-5.96,-0.63
8.39,-5.73,-0.43
8.39,-5.73,-0.51
7.81,-6,-0.63
8.39,-5.73,-0.47
8.36,-5.77,-0.39
7.77,-6,-0.9
7.73,-6,-0.63
8.43,-5.73,-0.39
8.39,-5.69,-0.51
7.65,-6,-0.78
8.08,-5.88,-0.75
7.73,-6,-0.82
7.85,-6,-0.55
7.77,-5.37,-1.29
8.43,-5.73,-0.47
7.77,-6.16,-0.75
8.39,-5.69,-0.51
7.73,-6.08,-0.31
7.69,-6.12,-0.94
8.43,-5.77,-0.43
7.81,-5.92,-0.59
8.43,-5.73,-0.47
7.81,-6,-0.75
8.39,-5.73,-0.51
8.43,-5.77,-0.55
7.73,-6,-0.67
8.39,-5.69,-0.55
7.77,-6,-0.71
7.69,-6.12,-0.94
7.88,-5.92,-0.55
7.73,-5.96,-0.63
7.77,-6,-0.67
7.77,-6.08,-0.86
8,-5.96,-0.59
8.39,-5.73,-0.55
7.69,-6,-0.75
7.85,-6,-0.55
7.73,-6.04,-0.75
8.43,-5.69,-0.51
7.85,-5.92,-0.55
7.77,-6,-0.71
8.43,-5.77,-0.51
7.77,-5.96,-1.14
8.36,-5.73,-0.55
7.88,-6,-0.63
7.77,-6.12,-0.82
7.61,-6.08,-0.82
8.39,-5.77,-0.51
7.88,-6,-0.55
7.77,-6,-0.67
7.88,-5.96,-0.35
7.65,-6.08,-0.94
8.16,-5.88,-0.75
8.32,-5.73,-0.59
8.43,-5.77,-0.43
7.73,-6,-0.67
7.69,-6.04,-0.75
8.39,-5.73,-0.51
8.36,-5.73,-0.59
7.69,-6.24,-1.26
8.39,-5.73,-0.43
8.43,-5.77,-0.55
7.85,-6,-0.55
7.81,-5.96,-0.55
7.65,-6.08,-0.78
7.69,-6.04,-0.75
8.36,-5.73,-0.55
8.39,-5.73,-0.51
7.69,-6,-0.71
8.39,-5.77,-0.47
7.81,-5.96,-0.55
7.73,-6.08,-0.78
7.81,-6,-0.59
8.39,-5.73,-0.51
7.81,-6,-0.63
7.61,-6.08,-0.86
8.39,-5.73,-0.51
8.39,-5.73,-0.51
7.77,-6,-0.71
8.39,-5.73,-0.47
8.39,-5.73,-0.31
7.77,-5.96,-0.71
8.43,-5.77,-0.24
7.81,-5.96,-0.55
8.39,-5.73,-0.51
7.77,-6.04,-0.55
8.43,-5.81,-0.55
7.73,-6.04,-0.82
7.65,-6.12,-0.78
8.39,-5.77,-0.51
7.85,-5.96,-0.55
7.73,-6.04,-0.67
7.81,-6.04,-0.78
7.73,-5.96,-0.63
8.08,-5.84,-0.75
7.88,-5.96,-0.55
8.12,-5.84,-0.78
7.65,-6,-0.86
7.81,-6.04,-0.67
7.69,-6.04,-0.75
7.85,-5.92,-0.55
7.88,-6.04,-0.59
7.96,-5.92,-0.51
7.81,-6.16,-0.39
8.39,-5.77,-0.59
8.39,-5.73,-0.47
8.36,-5.88,-0.59
8.39,-5.77,-0.24
8.43,-5.73,-0.51
8.39,-5.77,-0.59
7.69,-6,-0.78
7.77,-5.96,-0.71
7.92,-5.96,-0.59
7.73,-5.92,-0.63
7.88,-5.96,-0.55
7.69,-6.08,-0.82
7.77,-6,-0.86
8.12,-5.88,-0.78
7.77,-6.08,-0.67
8.39,-5.77,-0.51
7.77,-6.04,-0.67
7.77,-6,-0.78
7.73,-5.88,-1.26
8.32,-5.77,-0.55
7.92,-5.88,-0.55
8.43,-5.73,-0.51
7.85,-5.96,-0.75
8.43,-5.77,-0.43
7.81,-5.96,-0.51
7.73,-6.08,-0.71
7.77,-5.96,-0.67
8,-5.88,-0.82
7.69,-6,-0.67
7.88,-5.96,-0.55
7.85,-5.96,-0.59
7.65,-6,-0.04
7.85,-5.92,-0.59
8.39,-5.77,-0.55
7.65,-6.12,-0.94
8.43,-5.73,-0.51
7.88,-5.96,-0.59
8.39,-5.73,-0.51
8.43,-5.73,-0.55
7.81,-6,-0.63
7.81,-6.08,-0.75
7.77,-6.08,-0.75
8.39,-5.81,-0.98
7.77,-6.04,-0.75
8.43,-5.73,-0.55
8.39,-5.73,-0.51
8.12,-5.84,-0.82
8.36,-5.88,-0.9
7.77,-6.04,-0.67
7.73,-5.96,-0.67
8.12,-5.84,-0.82
7.81,-5.96,-0.59
8.47,-5.73,-0.43
7.77,-5.96,-0.75
7.81,-6,-0.63
8.39,-5.77,-0.47
8.43,-5.73,-0.51
8.39,-5.69,-0.51
7.85,-5.96,-0.67
7.69,-6.08,-0.82
8.12,-6.24,-0.67
7.69,-6.04,-0.82
7.77,-5.96,-0.67
7.85,-5.96,-0.63
7.88,-6,-0.55
7.77,-6.08,-0.71
7.73,-6.04,-0.75
8.36,-5.81,-0.31
7.73,-6.12,-0.82
7.65,-6.12,-0.94
7.81,-6,-0.71
8.39,-5.77,-0.47
8.43,-5.77,-0.43
7.69,-6,-0.78
7.77,-6.04,-0.63
8.39,-5.77,-0.51
7.69,-6.12,-0.86
8.43,-5.77,-0.47
7.69,-6,-0.78
7.73,-5.96,-0.71
8.39,-5.77,-0.47
7.77,-6,-0.67
8.12,-5.81,-0.78
8.43,-5.73,-0.47
8.39,-5.77,-0.47
7.88,-5.92,-0.59
7.81,-6,-0.75
8.39,-5.77,-0.47
7.73,-5.96,-0.71
7.88,-6,-0.63
8.43,-5.73,-0.47
8.39,-5.73,-0.51
8.47,-5.73,-0.43
8.32,-5.77,-0.59
7.69,-6.04,-0.75
7.77,-6.04,-0.75
7.88,-5.92,-0.51
8.39,-5.73,-0.47
7.65,-6.08,-0.78
7.69,-6.08,0.16
8.43,-5.73,-0.55
8.39,-5.77,-0.55
7.73,-6.04,-0.75
8.39,-5.77,-0.35
8.39,-5.73,-0.51
8.43,-5.73,-0.51
7.73,-6.04,-0.63
7.73,-6,-0.75
8.39,-5.73,-0.31
7.92,-5.96,-0.59
8.39,-5.73,-0.51
8.43,-5.77,-0.51
7.61,-6,-0.86
7.85,-5.96,-0.75
7.77,-6.04,-0.75
8.39,-5.77,-0.47
7.92,-5.92,-0.59
7.73,-6,-0.67
7.61,-6.08,-0.86
8.39,-5.69,-0.55
7.88,-6.55,0.39
8.39,-5.69,-0.67
7.77,-6,-0.71
7.81,-5.96,-0.55
8.43,-5.73,-0.51
8.39,-5.77,-0.55
7.77,-6.04,-0.67
7.85,-5.92,-0.59
7.73,-5.96,-0.63
7.61,-4.63,-1.69
7.65,-6,-0.9
7.69,-6.04,-0.75
7.85,-6,-0.59
7.85,-6,-0.59
8.39,-5.77,-0.47
8.47,-5.73,-0.47
7.65,-6.12,-0.86
7.85,-5.96,-0.55
8.36,-5.77,-0.59
7.69,-6.04,-0.82
8.43,-5.77,-0.55
8.39,-5.69,-0.43
8.43,-5.77,-0.47
7.81,-6,-0.67
7.81,-5.96,-0.55
7.77,-6.04,-0.75
8.39,-5.69,-0.51
7.73,-6.04,-0.71
7.81,-6,-0.67
7.61,-6,-0.82
7.85,-6.04,-0.63
8.39,-5.77,-0.51
8.39,-5.73,-0.47
7.73,-6.08,-0.78
7.73,-6,-0.63
7.81,-5.96,-0.55
8.36,-5.73,-0.59
8.39,-5.77,-0.51
8.43,-5.73,-0.43
8.39,-5.73,-0.51
7.92,-5.96,-0.63
7.69,-6.08,-0.78
7.77,-5.96,-0.75
7.73,-6,-0.9
7.88,-5.96,-0.63
7.73,-6.08,-0.71
7.73,-6.04,-0.86
7.92,-6.43,0.59
8.47,-5.77,0.24
8.43,-5.73,-0.51
7.69,-6,-0.59
7.77,-6,-0.71
7.73,-6.04,-0.78
8.32,-5.77,-0.59
7.85,-5.96,-0.59
7.85,-5.96,-0.63
7.77,-6,-0.63
7.77,-6,-0.67
8.39,-5.73,-0.47
8.39,-5.77,-0.55
8.36,-5.73,-0.51
7.73,-6.35,1.1
8.39,-5.73,-0.51
7.81,-6,-0.75
7.69,-6.08,-0.78
7.85,-6.63,0.12
7.77,-5.96,-0.71
7.77,-6.04,-0.59
8.39,-5.77,-0.47
7.88,-5.96,-0.51
7.73,-6,-0.71
7.73,-6,-0.78
8.16,-5.73,-1.26
7.88,-5.92,-0.67
7.69,-6.04,0.04
8.39,-5.73,-0.47
7.73,-6,-0.67
7.77,-6.04,-0.75
8.43,-5.77,-0.55
7.73,-6.04,-0.67
7.81,-6,-0.63
7.85,-5.92,-0.55
8.39,-5.73,-0.51
7.81,-6.08,-0.67
8.39,-5.77,-0.47
8.39,-5.77,-0.47
8,-5.92,-0.51
8.32,-5.73,-0.63
7.88,-5.96,-0.51
7.69,-6.04,-0.75
7.81,-5.96,-0.47
8.39,-5.77,-0.39
7.88,-6,-0.63
7.69,-6.04,-0.75
7.69,-6.35,-1.77
7.69,-5.96,-0.63
8.36,-5.81,-0.63
7.81,-6,-0.59
7.85,-5.96,-0.55
7.92,-5.84,-0.59
8.47,-5.81,-0.47
7.69,-6.04,-0.75
7.65,-6.04,-0.75
7.92,-6,-0.51
7.81,-6,-0.9
7.81,-6,-0.75
7.77,-5.33,-0.86
7.73,-6.04,-0.63
7.88,-5.96,-0.59
